pseudo,mdp,current_salle,vie,boss,s_purp,s_green,s_red,pot_3,pot_14,pot_nb,coin,gem,p_stock,strenght_stock,stamina_stock,health_stock,speed_stock,res_stock
Dev,3c927efa21be0b01a0e2c26ed4569784f7c6d35ae18223a961eb0f8fc7876c74,17,100,alive,open,open,open,on ground,on ground,200,200,99,5,4,3,4,4,2
dsq,21017f8d2e103d7972ee9004607497a7e39bbc8ac9257c89138e4c7adde33f39,3,100,alive,locked,locked,locked,on ground,on ground,0,0,0,5,4,3,4,4,2
dsq,21017f8d2e103d7972ee9004607497a7e39bbc8ac9257c89138e4c7adde33f39,3,90,alive,locked,locked,locked,on ground,on ground,0,0,0,5,4,3,4,4,2
qsd,03c03c1ff58322c9e6dc405d694a2b929c3be7015936c358fc2b36aa97f629ad,3,100,alive,locked,locked,locked,on ground,on ground,0,0,0,5,4,3,4,4,2
qsd,03c03c1ff58322c9e6dc405d694a2b929c3be7015936c358fc2b36aa97f629ad,3,100,alive,locked,locked,locked,on ground,on ground,0,0,0,5,4,3,4,4,2
dsqss,0b1b8e9fc13fa4c07a6d7983ee14619bd71f2ea4001c2c6dba9ab79da4920d5c,3,100,alive,locked,locked,locked,on ground,on ground,0,0,0,5,4,3,4,4,2
dsqss,0b1b8e9fc13fa4c07a6d7983ee14619bd71f2ea4001c2c6dba9ab79da4920d5c,3,100,alive,locked,locked,locked,on ground,on ground,0,1,0,5,4,3,4,4,2
dsa,0a7cb27e52927eacabbb7ecc738b0fea50b3967945257c43a67eb753cb465bd0,3,100,alive,locked,locked,locked,on ground,on ground,0,0,0,5,4,3,4,4,2
dsa,0a7cb27e52927eacabbb7ecc738b0fea50b3967945257c43a67eb753cb465bd0,3,100,alive,locked,locked,locked,on ground,on ground,0,0,0,5,4,3,4,4,2
