{"1": "-1,-1,-1,-1,-1,-1,-1,-1,-1,-1,-1,-1,-1,-1,-1\n-1,-1,-1,-1,-1,-1,-1,-1,-1,-1,-1,-1,-1,-1,-1\n-1,-1,-1,-1,-1,16,-1,-1,16,-1,-1,-1,-1,-1,-1\n-1,-1,16,-1,-1,-1,-1,-1,-1,-1,-1,-1,-1,-1,-1\n-1,-1,-1,-1,13,22,-1,-1,-1,22,-1,-1,-1,-1,-1\n-1,-1,-1,-1,-1,-1,-1,13,-1,-1,-1,-1,-1,-1,-1\n-1,-1,-1,-1,-1,-1,-1,-1,-1,-1,-1,-1,-1,-1,-1\n-1,-1,-1,-1,-1,-1,-1,22,-1,-1,-1,-1,16,-1,-1\n-1,-1,-1,13,22,-1,-1,-1,-1,-1,-1,15,Pd,12,-1\n-1,-1,-1,-1,-1,-1,-1,-1,-1,-1,-1,-1,-1,-1,-1\n-1,-1,-1,-1,-1,-1,-1,-1,-1,-1,-1,-1,-1,-1,-1\n-1,-1,-1,-1,-1,13,-1,-1,-1,-1,-1,-1,-1,-1,-1\n-1,-1,-1,-1,-1,-1,-1,-1,-1,-1,-1,-1,-1,-1,-1\n-1,-1,-1,-1,-1,-1,-1,-1,-1,-1,-1,-1,-1,-1,-1\n-1,-1,-1,-1,-1,-1,-1,-1,-1,-1,-1,-1,-1,-1,-1", "2": "-1,-1,-1,-1,-1,-1,16,20,-1,-1,-1,-1,-1,-1,-1\n-1,-1,-1,-1,-1,-1,-1,-1,-1,-1,-1,-1,-1,-1,-1\n-1,-1,-1,-1,-1,-1,-1,Ph,-1,-1,-1,-1,-1,-1,-1\n-1,-1,-1,-1,-1,-1,13,-1,-1,-1,-1,-1,-1,-1,-1\n-1,-1,-1,-1,-1,-1,-1,-1,-1,-1,-1,-1,-1,-1,-1\n-1,-1,-1,-1,-1,-1,-1,-1,-1,-1,-1,-1,-1,-1,-1\n-1,-1,-1,-1,-1,-1,-1,-1,-1,16,-1,-1,16,-1,-1\n-1,16,-1,-1,16,-1,-1,-1,-1,-1,-1,Pd,,12,-1\n-1,11,-1,Pg,-1,-1,-1,13,-1,-1,-1,-1,-1,-1,-1\n-1,-1,-1,-1,-1,-1,-1,15,-1,-1,-1,-1,-1,-1,-1\n-1,-1,-1,-1,-1,-1,-1,-1,-1,-1,-1,-1,-1,-1,-1\n-1,-1,-1,-1,-1,-1,-1,-1,-1,-1,-1,-1,-1,-1,-1\n-1,-1,-1,-1,-1,-1,-1,-1,-1,-1,-1,-1,-1,-1,-1\n-1,-1,-1,-1,-1,-1,-1,-1,-1,-1,-1,-1,-1,-1,-1\n-1,-1,-1,-1,-1,-1,-1,-1,-1,-1,-1,-1,-1,-1,-1\n", "3": "-1,-1,-1,-1,-1,-1,16,20,-1,16,-1,-1,-1,-1,-1\n-1,-1,-1,-1,-1,-1,-1,-1,-1,-1,-1,-1,-1,-1,-1\n-1,-1,-1,-1,-1,-1,-1,Ph,-1,-1,-1,-1,-1,-1,-1\n-1,-1,-1,-1,-1,-1,-1,-1,-1,-1,-1,-1,-1,-1,-1\n-1,-1,-1,-1,-1,-1,-1,13,-1,-1,-1,-1,-1,-1,-1\n-1,-1,-1,-1,-1,-1,-1,-1,-1,-1,-1,-1,-1,-1,-1\n-1,-1,16,-1,16,-1,-1,-1,-1,-1,-1,-1,-1,-1,-1\n-1,11,-1,Pg,-1,-1,-1,-1,-1,-1,-1,-1,-1,-1,-1\n-1,-1,-1,-1,-1,-1,-1,-1,-1,-1,-1,-1,-1,-1,-1\n-1,-1,-1,-1,-1,-1,-1,22,-1,-1,-1,-1,-1,-1,-1\n-1,-1,-1,-1,-1,-1,-1,-1,-1,-1,-1,-1,-1,-1,-1\n-1,-1,-1,-1,-1,-1,-1,-1,-1,-1,-1,-1,-1,-1,-1\n-1,-1,-1,-1,-1,-1,-1,-1,-1,-1,-1,-1,-1,-1,-1\n-1,-1,-1,-1,-1,-1,-1,15,-1,-1,-1,-1,-1,-1,-1\n-1,-1,-1,-1,-1,-1,-1,-1,-1,-1,-1,-1,-1,-1,-1\n", "4": "-1,-1,-1,-1,-1,-1,16,-1,20,-1,-1,-1,-1,-1,-1\n-1,-1,-1,-1,-1,-1,-1,-1,-1,-1,-1,-1,-1,-1,-1\n-1,-1,-1,-1,-1,-1,-1,-1,Ph,-1,-1,-1,-1,-1,-1\n-1,-1,-1,-1,-1,-1,-1,-1,-1,-1,-1,-1,-1,-1,-1\n-1,-1,-1,-1,-1,-1,-1,15,-1,-1,-1,-1,-1,-1,-1\n-1,-1,-1,-1,-1,16,-1,-1,-1,16,-1,-1,-1,-1,-1\n-1,-1,-1,-1,-1,-1,-1,-1,-1,-1,-1,-1,-1,-1,-1\n-1,-1,-1,-1,-1,-1,-1,-1,-1,-1,-1,-1,-1,-1,-1\n-1,-1,-1,-1,-1,-1,13,-1,13,-1,-1,-1,-1,-1,-1\n-1,-1,-1,-1,-1,-1,-1,-1,-1,-1,-1,-1,-1,-1,-1\n-1,-1,-1,-1,-1,-1,13,-1,13,-1,-1,-1,-1,-1,-1\n-1,-1,16,-1,-1,-1,-1,-1,-1,-1,-1,-1,16,-1,-1\n-1,-1,-1,-1,-1,-1,-1,-1,-1,-1,-1,-1,-1,-1,-1\n-1,-1,-1,-1,-1,-1,-1,-1,-1,-1,-1,-1,-1,-1,-1\n-1,-1,-1,-1,-1,-1,-1,-1,-1,-1,-1,-1,-1,-1,-1\n", "5": "-1,-1,-1,-1,-1,-1,16,20,16,-1,-1,-1,-1,-1,-1\n-1,-1,-1,16,-1,-1,-1,-1,-1,-1,-1,16,-1,-1,-1\n-1,-1,-1,-1,-1,-1,-1,Ph,-1,-1,-1,-1,-1,-1,-1\n-1,-1,-1,-1,-1,-1,-1,15,-1,-1,-1,-1,-1,-1,-1\n-1,-1,-1,-1,-1,-1,-1,-1,-1,-1,-1,-1,-1,-1,-1\n-1,-1,-1,-1,-1,13,-1,-1,-1,13,-1,-1,-1,-1,-1\n-1,-1,-1,-1,-1,-1,-1,-1,-1,-1,-1,-1,-1,-1,-1\n-1,-1,-1,-1,-1,-1,-1,13,-1,-1,-1,-1,-1,-1,-1\n-1,-1,-1,-1,-1,-1,16,8,16,-1,-1,-1,-1,-1,-1\n-1,-1,-1,-1,-1,-1,-1,16,-1,-1,-1,-1,-1,-1,-1\n-1,-1,-1,-1,-1,-1,-1,-1,-1,-1,-1,-1,-1,-1,-1\n-1,-1,-1,-1,-1,-1,-1,-1,-1,-1,-1,-1,-1,-1,-1\n-1,-1,16,-1,-1,-1,-1,-1,-1,-1,-1,-1,16,-1,-1\n-1,-1,-1,-1,-1,-1,-1,-1,-1,-1,-1,-1,-1,-1,-1\n-1,-1,-1,-1,-1,-1,-1,-1,-1,-1,-1,-1,-1,-1,-1\n", "6": "-1,-1,-1,-1,-1,-1,-1,16,20,-1,-1,-1,-1,-1,-1\n-1,-1,-1,-1,-1,-1,-1,-1,-1,-1,-1,-1,-1,-1,-1\n-1,-1,-1,-1,-1,-1,-1,-1,Ph,-1,-1,-1,-1,-1,-1\n-1,-1,-1,-1,-1,-1,-1,-1,15,-1,-1,-1,-1,-1,-1\n-1,-1,-1,-1,-1,-1,-1,-1,-1,-1,-1,-1,-1,-1,-1\n-1,-1,-1,-1,-1,-1,16,-1,-1,-1,16,-1,-1,-1,-1\n-1,-1,-1,-1,-1,-1,-1,-1,-1,22,-1,-1,-1,-1,-1\n-1,-1,-1,-1,-1,-1,-1,-1,13,-1,-1,-1,-1,-1,-1\n-1,-1,-1,-1,-1,13,70,-1,22,-1,-1,-1,-1,-1,-1\n-1,-1,-1,-1,-1,-1,-1,-1,-1,-1,-1,-1,-1,-1,-1\n-1,-1,-1,-1,-1,-1,22,-1,-1,22,-1,-1,-1,-1,-1\n-1,-1,-1,-1,-1,-1,-1,-1,-1,-1,13,-1,-1,-1,-1\n-1,-1,-1,16,-1,-1,-1,-1,-1,-1,-1,-1,16,-1,-1\n-1,-1,-1,-1,-1,-1,-1,-1,-1,-1,-1,-1,-1,-1,-1\n-1,-1,-1,-1,-1,-1,-1,-1,-1,-1,-1,-1,-1,-1,-1\n", "7": "-1,-1,-1,-1,-1,-1,16,20,-1,-1,-1,-1,-1,-1,-1\n-1,-1,-1,-1,-1,-1,-1,-1,-1,-1,-1,-1,-1,-1,-1\n-1,-1,-1,-1,-1,16,-1,Ph,-1,-1,-1,-1,-1,-1,-1\n-1,-1,-1,-1,-1,-1,-1,-1,-1,-1,-1,-1,-1,16,-1\n-1,-1,-1,-1,-1,-1,13,-1,-1,-1,-1,-1,-1,-1,-1\n-1,-1,-1,-1,-1,-1,-1,-1,-1,-1,-1,-1,Pd,-1,12\n-1,-1,-1,-1,-1,16,-1,-1,-1,-1,-1,-1,-1,-1,-1\n-1,-1,-1,-1,-1,-1,-1,-1,-1,-1,-1,-1,15,-1,-1\n-1,-1,-1,-1,-1,-1,-1,-1,-1,-1,-1,-1,-1,-1,-1\n-1,-1,-1,-1,-1,-1,-1,-1,-1,-1,-1,-1,-1,-1,-1\n-1,-1,-1,-1,-1,-1,-1,16,-1,-1,-1,16,-1,13,-1\n-1,-1,-1,-1,-1,-1,-1,-1,-1,-1,-1,-1,-1,-1,-1\n-1,-1,-1,-1,-1,13,-1,-1,-1,-1,-1,-1,-1,-1,-1\n-1,-1,-1,-1,-1,-1,-1,-1,-1,-1,-1,-1,-1,-1,-1\n-1,-1,-1,-1,-1,-1,-1,-1,-1,-1,-1,-1,-1,-1,-1\n", "8": "-1,-1,-1,-1,-1,-1,-1,-1,-1,-1,-1,-1,-1,-1,-1\n-1,-1,-1,-1,-1,-1,-1,-1,-1,-1,-1,-1,-1,-1,-1\n-1,-1,-1,-1,-1,-1,-1,-1,-1,-1,-1,-1,-1,-1,-1\n-1,16,-1,-1,16,-1,-1,16,-1,-1,-1,-1,-1,-1,-1\n-1,-1,-1,-1,-1,-1,-1,-1,-1,-1,-1,-1,-1,-1,-1\n-1,5,-1,Pg,-1,13,-1,-1,-1,-1,-1,-1,-1,-1,-1\n-1,-1,-1,-1,-1,-1,15,-1,-1,-1,-1,-1,-1,-1,-1\n-1,-1,-1,-1,-1,-1,-1,-1,-1,-1,-1,-1,-1,-1,-1\n-1,-1,-1,-1,-1,-1,-1,-1,-1,-1,-1,-1,-1,-1,-1\n-1,-1,-1,-1,-1,-1,13,-1,-1,-1,-1,-1,-1,-1,-1\n-1,-1,-1,-1,-1,-1,-1,-1,-1,-1,-1,-1,-1,-1,-1\n-1,-1,-1,-1,-1,16,-1,-1,-1,-1,-1,-1,-1,-1,-1\n-1,-1,-1,-1,-1,-1,-1,-1,-1,-1,-1,-1,-1,-1,-1\n-1,-1,-1,-1,-1,-1,-1,Pb,-1,-1,-1,-1,-1,-1,-1\n-1,-1,-1,-1,-1,-1,-1,14,-1,-1,-1,-1,-1,-1,-1\n", "9": "-1,-1,-1,-1,-1,-1,-1,-1,20,-1,-1,-1,-1,-1,-1\n-1,-1,-1,-1,-1,-1,-1,-1,-1,-1,-1,-1,-1,-1,-1\n-1,-1,-1,-1,-1,-1,-1,16,Ph,-1,-1,-1,-1,-1,-1\n-1,-1,-1,-1,-1,-1,-1,-1,-1,-1,-1,-1,-1,-1,-1\n-1,-1,-1,-1,-1,-1,-1,-1,-1,-1,-1,-1,-1,-1,-1\n-1,-1,-1,-1,-1,-1,-1,13,-1,16,-1,-1,-1,16,-1\n-1,-1,-1,-1,-1,-1,-1,-1,-1,-1,-1,Pd,-1,12,-1\n-1,-1,-1,-1,-1,-1,16,-1,-1,-1,-1,-1,-1,-1,-1\n-1,-1,-1,-1,-1,-1,-1,-1,13,-1,-1,-1,-1,-1,-1\n-1,-1,-1,-1,-1,-1,-1,-1,-1,-1,-1,-1,-1,-1,-1\n-1,-1,-1,-1,-1,-1,13,-1,-1,-1,-1,-1,-1,-1,-1\n-1,-1,-1,-1,-1,-1,-1,15,-1,-1,-1,-1,-1,-1,-1\n-1,-1,-1,-1,-1,-1,-1,Pb,-1,-1,-1,-1,-1,-1,-1\n-1,-1,-1,-1,-1,-1,-1,-1,-1,-1,-1,-1,-1,-1,-1\n-1,-1,-1,-1,-1,-1,-1,14,-1,-1,-1,-1,-1,-1,-1\n", "10": "-1,-1,-1,-1,-1,-1,-1,20,-1,-1,-1,-1,-1,-1,-1\n-1,-1,-1,-1,-1,-1,-1,-1,-1,-1,-1,-1,-1,-1,-1\n-1,-1,-1,-1,-1,-1,-1,Ph,-1,-1,-1,-1,-1,-1,-1\n-1,-1,-1,-1,-1,-1,-1,-1,-1,16,-1,-1,16,-1,-1\n-1,-1,-1,-1,-1,-1,-1,-1,-1,-1,-1,-1,-1,-1,-1\n-1,-1,16,-1,-1,16,-1,-1,-1,-1,-1,Pd,-1,12,-1\n-1,11,-1,Pg,15,-1,-1,-1,-1,-1,13,-1,-1,-1,-1\n-1,-1,-1,-1,-1,13,-1,-1,-1,-1,-1,-1,-1,-1,-1\n-1,-1,-1,-1,-1,-1,-1,-1,-1,16,-1,-1,-1,-1,-1\n-1,-1,-1,-1,-1,-1,-1,-1,-1,-1,-1,-1,-1,-1,-1\n-1,-1,-1,-1,-1,-1,-1,13,-1,-1,-1,-1,-1,-1,-1\n-1,-1,-1,-1,-1,-1,-1,-1,-1,-1,-1,-1,-1,-1,-1\n-1,-1,-1,-1,-1,-1,-1,-1,Pb,-1,-1,-1,-1,-1,-1\n-1,-1,-1,-1,-1,-1,-1,-1,-1,-1,-1,-1,-1,-1,-1\n-1,-1,-1,-1,-1,-1,-1,-1,14,-1,-1,-1,-1,-1,-1\n", "11": "-1,-1,-1,-1,-1,-1,16,20,16,-1,-1,-1,-1,-1,-1\n-1,-1,-1,-1,-1,-1,-1,-1,-1,-1,-1,-1,-1,-1,-1\n-1,-1,-1,-1,-1,-1,-1,Ph,-1,-1,-1,-1,-1,-1,-1\n-1,16,-1,-1,-1,-1,-1,-1,-1,-1,-1,-1,-1,-1,-1\n-1,-1,-1,-1,-1,-1,13,-1,-1,-1,-1,-1,-1,-1,-1\n-1,11,-1,Pg,15,-1,-1,-1,-1,-1,-1,16,-1,-1,-1\n-1,-1,-1,-1,-1,-1,-1,-1,-1,-1,-1,Pd,-1,12,-1\n-1,-1,-1,-1,-1,-1,-1,-1,-1,13,-1,-1,-1,-1,-1\n-1,-1,-1,-1,-1,-1,13,-1,-1,-1,-1,-1,-1,-1,-1\n-1,-1,-1,-1,-1,-1,-1,-1,-1,-1,-1,-1,-1,-1,-1\n-1,-1,-1,-1,-1,-1,-1,-1,-1,-1,-1,-1,-1,-1,-1\n-1,-1,-1,-1,-1,-1,-1,-1,-1,-1,-1,-1,-1,-1,-1\n-1,-1,-1,-1,-1,16,-1,Pb,-1,-1,-1,-1,-1,-1,-1\n-1,-1,-1,-1,-1,-1,-1,-1,-1,-1,-1,-1,-1,-1,-1\n-1,-1,-1,-1,-1,-1,-1,14,-1,-1,-1,-1,-1,-1,-1\n", "12": "-1,-1,-1,-1,-1,-1,-1,-1,-1,-1,-1,-1,-1,-1,-1\n-1,-1,-1,-1,-1,-1,-1,-1,16,-1,-1,-1,-1,-1,-1\n-1,-1,-1,-1,-1,-1,-1,-1,-1,-1,-1,-1,-1,-1,-1\n-1,-1,-1,-1,-1,-1,-1,-1,-1,-1,-1,-1,-1,-1,-1\n-1,-1,-1,16,-1,-1,-1,-1,13,-1,-1,-1,-1,16,-1\n-1,-1,-1,-1,-1,-1,-1,-1,-1,-1,-1,-1,-1,-1,-1\n-1,11,-1,Pg,15,-1,-1,-1,-1,-1,-1,-1,-1,-1,-1\n-1,-1,-1,-1,-1,13,-1,-1,-1,-1,-1,13,-1,-1,-1\n-1,-1,-1,-1,-1,-1,-1,-1,-1,-1,-1,-1,-1,-1,-1\n-1,-1,-1,-1,16,-1,-1,-1,-1,-1,-1,-1,16,-1,-1\n-1,-1,-1,-1,-1,-1,-1,-1,13,-1,-1,-1,-1,-1,-1\n-1,-1,-1,-1,-1,-1,-1,-1,-1,-1,-1,-1,-1,-1,-1\n-1,-1,-1,-1,-1,-1,16,-1,Pb,-1,16,-1,-1,-1,-1\n-1,-1,-1,-1,-1,-1,-1,-1,-1,-1,-1,-1,-1,-1,-1\n-1,-1,-1,-1,-1,-1,-1,-1,14,-1,-1,-1,-1,-1,-1\n", "13": "-1,-1,-1,-1,-1,-1,20,16,-1,-1,-1,-1,-1,-1,-1\n-1,-1,-1,-1,-1,-1,-1,-1,-1,-1,-1,-1,-1,-1,-1\n-1,-1,-1,-1,-1,-1,Ph,-1,-1,-1,-1,-1,-1,-1,-1\n-1,-1,-1,-1,-1,-1,15,-1,-1,-1,-1,-1,-1,-1,-1\n-1,-1,-1,-1,-1,-1,13,-1,-1,-1,-1,-1,-1,-1,-1\n-1,-1,-1,-1,-1,-1,-1,-1,-1,16,-1,-1,-1,16,-1\n-1,-1,-1,-1,-1,-1,-1,-1,-1,-1,-1,-1,-1,-1,-1\n-1,-1,-1,-1,-1,-1,-1,-1,-1,-1,-1,Pd,-1,12,-1\n-1,-1,-1,-1,-1,-1,-1,13,-1,-1,-1,-1,-1,-1,-1\n-1,-1,-1,-1,-1,-1,-1,-1,-1,-1,-1,-1,-1,-1,-1\n-1,-1,-1,-1,-1,16,-1,-1,-1,-1,-1,-1,-1,-1,-1\n-1,-1,-1,-1,-1,-1,-1,-1,-1,-1,-1,-1,-1,-1,-1\n-1,-1,-1,-1,-1,-1,-1,Pb,-1,-1,-1,-1,-1,-1,-1\n-1,-1,-1,-1,-1,-1,-1,-1,-1,-1,-1,-1,-1,-1,-1\n-1,-1,-1,-1,-1,-1,-1,14,-1,-1,-1,-1,-1,-1,-1\n", "14": "-1,-1,-1,-1,-1,-1,16,20,16,-1,-1,-1,-1,-1,-1\n-1,-1,-1,-1,-1,-1,-1,-1,-1,-1,-1,-1,-1,-1,-1\n-1,-1,-1,-1,16,-1,-1,Ph,-1,-1,16,-1,-1,-1,-1\n-1,-1,-1,-1,-1,-1,-1,-1,-1,-1,-1,-1,-1,-1,-1\n-1,-1,-1,-1,15,-1,13,13,-1,13,-1,-1,-1,-1,-1\n-1,16,-1,-1,13,-1,13,-1,-1,13,13,-1,-1,-1,-1\n-1,-1,-1,-1,13,-1,-1,-1,13,-1,-1,13,-1,-1,-1\n-1,11,-1,Pg,-1,-1,-1,13,-1,13,-1,21,-1,-1,-1\n-1,-1,-1,-1,-1,13,-1,-1,-1,-1,13,-1,13,-1,-1\n-1,-1,-1,-1,13,-1,13,-1,13,13,-1,13,-1,-1,-1\n-1,-1,-1,13,-1,13,13,13,-1,-1,13,70,-1,16,-1\n-1,-1,-1,-1,13,-1,-1,-1,13,-1,-1,-1,-1,-1,-1\n-1,-1,16,-1,-1,-1,13,-1,-1,-1,-1,-1,16,-1,-1\n-1,-1,-1,-1,-1,-1,-1,-1,-1,-1,-1,-1,-1,-1,-1\n-1,-1,-1,-1,-1,-1,-1,-1,-1,-1,-1,-1,-1,-1,-1\n", "15": "-1,-1,-1,-1,-1,-1,-1,-1,-1,-1,-1,-1,-1,-1,-1\n-1,-1,-1,-1,-1,-1,-1,-1,-1,-1,-1,-1,-1,-1,-1\n-1,-1,-1,-1,-1,16,-1,-1,-1,-1,-1,-1,-1,-1,-1\n-1,-1,-1,-1,-1,-1,22,-1,-1,-1,-1,-1,-1,-1,-1\n-1,-1,-1,-1,-1,-1,-1,-1,-1,-1,-1,-1,16,-1,-1\n-1,-1,-1,-1,-1,-1,-1,-1,13,-1,-1,-1,-1,-1,-1\n-1,-1,-1,-1,22,-1,-1,-1,-1,-1,-1,Pd,-1,12,-1\n-1,-1,-1,-1,-1,-1,-1,-1,-1,22,-1,-1,-1,-1,-1\n-1,-1,-1,-1,-1,13,-1,-1,15,-1,-1,-1,-1,-1,-1\n-1,-1,-1,-1,-1,-1,22,-1,-1,-1,-1,-1,-1,-1,-1\n-1,-1,-1,16,-1,-1,-1,-1,-1,-1,-1,-1,-1,-1,-1\n-1,-1,-1,-1,-1,-1,-1,-1,-1,-1,-1,-1,-1,-1,-1\n-1,-1,-1,-1,-1,-1,-1,-1,Pb,-1,-1,-1,-1,-1,-1\n-1,-1,-1,-1,-1,-1,-1,-1,-1,-1,-1,-1,-1,-1,-1\n-1,-1,-1,-1,-1,-1,-1,-1,14,-1,-1,-1,-1,-1,-1\n", "16": "-1,-1,-1,-1,-1,-1,-1,-1,-1,-1,-1,-1,-1,-1,-1\n-1,-1,-1,-1,-1,-1,-1,-1,-1,-1,-1,-1,-1,-1,-1\n-1,-1,-1,-1,-1,-1,-1,-1,-1,16,-1,-1,-1,-1,-1\n-1,-1,-1,-1,-1,-1,-1,22,-1,-1,-1,-1,-1,-1,-1\n-1,-1,16,-1,-1,-1,-1,-1,-1,-1,-1,-1,-1,-1,-1\n-1,-1,-1,-1,-1,-1,13,-1,-1,-1,-1,-1,-1,-1,-1\n-1,11,-1,Pg,-1,22,-1,-1,-1,22,-1,-1,-1,-1,-1\n-1,-1,-1,-1,-1,-1,-1,-1,-1,-1,-1,-1,-1,-1,-1\n-1,-1,-1,-1,-1,15,-1,-1,-1,13,-1,-1,-1,-1,-1\n-1,-1,-1,-1,22,-1,-1,-1,-1,-1,-1,-1,-1,-1,-1\n-1,-1,-1,-1,-1,-1,-1,-1,-1,-1,-1,16,-1,-1,-1\n-1,-1,-1,-1,-1,-1,-1,-1,-1,-1,-1,-1,-1,-1,-1\n-1,-1,-1,-1,-1,-1,-1,Pb,-1,-1,-1,-1,-1,-1,-1\n-1,-1,-1,-1,-1,-1,-1,-1,-1,-1,-1,-1,-1,-1,-1\n-1,-1,-1,-1,-1,-1,-1,14,-1,-1,-1,-1,-1,-1,-1\n", "17": "-1,-1,-1,-1,-1,-1,-1,-1,-1,-1,-1,-1,-1,-1,-1\n-1,-1,-1,16,-1,-1,-1,-1,-1,-1,-1,16,-1,-1,-1\n-1,-1,-1,-1,-1,-1,-1,0,-1,-1,22,-1,-1,-1,-1\n-1,-1,22,-1,-1,-1,-1,-1,-1,-1,-1,-1,-1,-1,-1\n-1,-1,-1,-1,22,-1,-1,-1,-1,22,-1,-1,-1,-1,-1\n-1,-1,-1,-1,-1,-1,-1,-1,-1,-1,-1,-1,-1,-1,-1\n-1,-1,-1,22,-1,-1,-1,-1,-1,-1,22,-1,-1,-1,-1\n-1,16,-1,-1,-1,-1,15,-1,22,-1,-1,100,-1,16,-1\n-1,-1,-1,-1,22,-1,-1,-1,-1,-1,22,-1,-1,-1,-1\n-1,-1,-1,-1,-1,-1,-1,-1,-1,-1,-1,-1,-1,-1,-1\n-1,-1,-1,-1,-1,-1,-1,22,-1,-1,-1,-1,-1,-1,-1\n-1,-1,-1,-1,-1,-1,-1,-1,-1,-1,-1,-1,-1,-1,-1\n-1,-1,-1,-1,-1,16,-1,Pb,-1,16,-1,-1,-1,-1,-1\n-1,-1,-1,-1,-1,-1,-1,-1,-1,-1,-1,-1,-1,-1,-1\n-1,-1,-1,-1,-1,-1,-1,14,-1,-1,-1,-1,-1,-1,-1\n", "18": "-1,-1,-1,-1,-1,-1,-1,-1,-1,20,16,-1,-1,-1,-1\n-1,-1,-1,-1,-1,-1,-1,-1,-1,-1,-1,-1,-1,-1,-1\n-1,-1,-1,-1,-1,-1,-1,16,-1,Ph,-1,-1,16,-1,-1\n-1,-1,-1,-1,-1,-1,-1,-1,-1,-1,-1,-1,-1,-1,-1\n-1,-1,-1,13,-1,-1,-1,13,-1,15,-1,-1,-1,-1,-1\n-1,-1,-1,-1,-1,-1,-1,-1,-1,-1,-1,-1,-1,-1,-1\n-1,-1,-1,-1,-1,-1,-1,16,-1,-1,-1,13,-1,-1,-1\n-1,-1,-1,-1,-1,-1,-1,-1,-1,-1,-1,-1,-1,-1,-1\n-1,-1,-1,-1,-1,16,-1,10,-1,16,-1,-1,-1,-1,-1\n-1,-1,-1,-1,-1,-1,-1,-1,-1,-1,-1,-1,-1,-1,-1\n-1,-1,-1,-1,-1,-1,-1,16,-1,-1,-1,-1,-1,-1,-1\n-1,-1,-1,-1,-1,13,-1,-1,-1,-1,-1,-1,-1,-1,-1\n-1,-1,-1,-1,-1,-1,-1,-1,-1,-1,-1,-1,-1,-1,-1\n-1,-1,-1,-1,-1,-1,-1,-1,-1,-1,-1,-1,-1,-1,-1\n-1,-1,-1,-1,-1,-1,-1,-1,-1,-1,-1,-1,-1,-1,-1\n", "19": "-1,-1,-1,-1,-1,-1,-1,20,16,-1,-1,-1,-1,-1,-1\n-1,-1,-1,-1,-1,-1,-1,-1,-1,-1,-1,-1,-1,-1,-1\n-1,-1,-1,-1,-1,-1,-1,Ph,-1,-1,-1,-1,-1,-1,-1\n-1,-1,-1,-1,-1,-1,-1,-1,-1,-1,-1,-1,-1,-1,-1\n-1,-1,16,-1,-1,-1,16,-1,13,-1,-1,-1,-1,-1,-1\n-1,-1,-1,-1,-1,-1,-1,-1,-1,-1,-1,-1,-1,-1,-1\n-1,11,-1,PG,-1,15,-1,-1,-1,-1,-1,-1,-1,-1,-1\n-1,-1,-1,-1,-1,-1,13,-1,-1,-1,-1,-1,-1,-1,-1\n-1,-1,-1,-1,-1,-1,-1,-1,-1,-1,-1,-1,-1,-1,-1\n-1,-1,-1,-1,-1,-1,-1,-1,13,-1,-1,-1,-1,-1,-1\n-1,-1,-1,-1,-1,-1,-1,-1,-1,16,-1,-1,-1,-1,-1\n-1,-1,-1,-1,-1,-1,-1,-1,-1,-1,-1,-1,-1,-1,-1\n-1,-1,-1,-1,-1,-1,-1,Pb,-1,-1,-1,-1,-1,-1,-1\n-1,-1,-1,-1,-1,-1,-1,-1,-1,-1,-1,-1,-1,-1,-1\n-1,-1,-1,-1,-1,-1,-1,14,-1,-1,-1,-1,-1,-1,-1\n", "20": "-1,-1,-1,-1,-1,-1,-1,16,7,-1,-1,-1,-1,-1,-1\n-1,-1,-1,-1,-1,-1,-1,-1,-1,-1,-1,-1,-1,-1,-1\n-1,-1,-1,-1,-1,-1,-1,-1,-1,-1,-1,-1,-1,-1,-1\n-1,-1,-1,-1,-1,-1,-1,-1,15,-1,-1,-1,-1,-1,-1\n-1,-1,-1,-1,-1,-1,16,-1,-1,-1,-1,-1,-1,-1,-1\n-1,-1,-1,-1,-1,-1,-1,-1,-1,-1,-1,-1,-1,-1,-1\n-1,-1,-1,-1,-1,-1,-1,-1,13,-1,-1,-1,-1,-1,-1\n-1,-1,-1,-1,-1,16,-1,-1,-1,-1,-1,-1,-1,-1,-1\n-1,-1,-1,-1,-1,-1,-1,-1,-1,-1,-1,-1,-1,-1,-1\n-1,-1,-1,-1,-1,-1,-1,-1,-1,-1,-1,-1,-1,-1,-1\n-1,-1,-1,-1,-1,-1,-1,13,-1,-1,-1,-1,-1,-1,-1\n-1,-1,-1,-1,-1,-1,-1,-1,-1,-1,-1,-1,-1,-1,-1\n-1,-1,-1,-1,-1,-1,-1,Pb,-1,-1,-1,-1,-1,-1,-1\n-1,-1,-1,-1,-1,-1,-1,-1,-1,-1,-1,-1,-1,-1,-1\n-1,-1,-1,-1,-1,-1,-1,14,-1,-1,-1,-1,-1,-1,-1\n", "21": "-1,-1,-1,-1,-1,-1,-1,16,20,-1,-1,-1,-1,-1,-1\n-1,-1,-1,-1,-1,-1,-1,-1,-1,-1,-1,-1,-1,-1,-1\n-1,-1,-1,-1,-1,-1,-1,-1,Ph,-1,-1,-1,-1,-1,-1\n-1,-1,-1,-1,-1,-1,-1,-1,-1,-1,-1,-1,-1,-1,-1\n-1,-1,-1,-1,-1,-1,-1,-1,13,-1,-1,-1,-1,-1,-1\n-1,-1,-1,-1,-1,-1,-1,-1,13,-1,-1,-1,-1,-1,-1\n-1,-1,-1,-1,-1,-1,-1,-1,-1,-1,-1,-1,-1,16,-1\n-1,-1,-1,-1,-1,-1,-1,-1,15,-1,-1,-1,-1,-1,-1\n-1,-1,-1,-1,-1,-1,-1,-1,-1,13,-1,-1,-1,-1,-1\n-1,-1,-1,-1,-1,-1,-1,-1,-1,-1,-1,Pd,-1,12,-1\n-1,-1,-1,-1,-1,-1,-1,-1,-1,-1,-1,-1,-1,-1,-1\n-1,-1,-1,-1,-1,-1,-1,-1,-1,-1,-1,-1,-1,-1,-1\n-1,-1,-1,-1,-1,-1,-1,-1,-1,-1,-1,-1,-1,-1,-1\n-1,-1,-1,-1,-1,-1,-1,-1,-1,-1,-1,-1,-1,-1,-1\n-1,-1,-1,-1,-1,-1,-1,-1,-1,-1,-1,-1,-1,-1,-1\n", "22": "-1,-1,-1,-1,-1,-1,-1,-1,6,-1,16,-1,-1,-1,-1\n-1,-1,-1,-1,-1,-1,-1,-1,-1,-1,-1,-1,-1,-1,-1\n-1,-1,-1,-1,-1,-1,-1,-1,Ph,-1,-1,-1,-1,-1,-1\n-1,-1,-1,-1,-1,-1,-1,-1,-1,-1,-1,-1,-1,-1,-1\n-1,-1,-1,-1,-1,-1,-1,-1,-1,-1,-1,-1,-1,-1,-1\n-1,-1,-1,-1,-1,-1,-1,-13,-1,-1,-1,-1,-1,-1,-1\n-1,-1,16,-1,-1,16,-1,-1,-1,-1,-1,-1,16,-1,-1\n-1,-1,-1,-1,-1,-1,-1,-1,15,-1,-1,-1,-1,-1,-1\n-1,-1,-1,-1,-1,13,-1,-1,-1,13,-1,Pd,-1,12,-1\n-1,11,-1,Pg,-1,-1,-1,-1,-1,-1,-1,-1,-1,-1,-1\n-1,-1,-1,-1,-1,-1,-1,-1,16,-1,-1,-1,-1,-1,-1\n-1,-1,-1,-1,-1,-1,-1,-1,-1,-1,-1,-1,-1,-1,-1\n-1,-1,-1,-1,-1,-1,-1,-1,-1,-1,-1,-1,-1,-1,-1\n-1,-1,-1,-1,-1,-1,-1,-1,-1,-1,-1,-1,-1,-1,-1\n-1,-1,-1,-1,-1,-1,-1,-1,-1,-1,-1,-1,-1,-1,-1\n", "23": "-1,-1,-1,-1,-1,-1,-1,-1,-1,-1,-1,-1,-1,-1,-1\n-1,-1,-1,-1,-1,-1,-1,-1,-1,-1,-1,-1,-1,-1,-1\n-1,-1,-1,-1,-1,-1,-1,-1,-1,-1,-1,-1,-1,-1,-1\n-1,-1,-1,-1,-1,-1,-1,-1,-1,-1,-1,-1,-1,-1,-1\n-1,-1,-1,-1,-1,-1,-1,16,-1,-1,-1,-1,-1,16,-1\n-1,-1,-1,-1,-1,-1,-1,-1,-1,-1,-1,-1,-1,-1,-1\n-1,-1,16,-1,-1,-1,-1,13,-1,-1,-1,Pd,-1,12,-1\n-1,-1,-1,-1,-1,-1,15,-1,-1,-1,-1,-1,-1,-1,-1\n-1,11,-1,Pg,-1,-1,13,-1,-1,-1,-1,-1,-1,-1,-1\n-1,-1,-1,-1,-1,-1,-1,-1,-1,-1,-1,-1,-1,-1,-1\n-1,-1,-1,-1,-1,-1,-1,-1,-1,-1,-1,-1,-1,-1,-1\n-1,-1,-1,-1,-1,-1,-1,-1,-1,-1,-1,-1,-1,-1,-1\n-1,-1,-1,-1,-1,-1,-1,-1,-1,-1,-1,-1,-1,-1,-1\n-1,-1,-1,-1,-1,-1,-1,-1,-1,-1,-1,-1,-1,-1,-1\n-1,-1,-1,-1,-1,-1,-1,-1,-1,-1,-1,-1,-1,-1,-1\n", "24": "-1,-1,-1,-1,-1,-1,-1,-1,-1,16,20,-1,-1,-1,-1\n-1,-1,-1,-1,-1,-1,-1,-1,-1,-1,-1,-1,-1,-1,-1\n-1,-1,-1,-1,-1,-1,-1,-1,-1,-1,Ph,-1,-1,-1,-1\n-1,-1,-1,-1,-1,-1,-1,-1,-1,-1,-1,-1,-1,-1,-1\n-1,-1,-1,-1,16,-1,-1,-1,13,-1,-1,-1,-1,-1,-1\n-1,-1,-1,-1,-1,-1,-1,-1,-1,-1,-1,-1,-1,-1,-1\n-1,11,-1,Pg,-1,13,-1,-1,15,-1,-1,16,-1,-1,-1\n-1,-1,-1,-1,-1,-1,-1,-1,-1,-1,-1,16,-1,-1,-1\n-1,-1,-1,-1,-1,-1,-1,-1,-1,-1,-1,16,-1,-1,-1\n-1,-1,-1,-1,-1,-1,-1,-1,-1,-1,-1,-1,-1,-1,-1\n-1,-1,-1,-1,-1,-1,-1,-1,-1,13,-1,-1,-1,-1,-1\n-1,-1,-1,-1,-1,-1,-1,-1,-1,-1,-1,-1,-1,-1,-1\n-1,-1,-1,-1,-1,-1,-1,-1,-1,Pb,-1,-1,-1,-1,-1\n-1,-1,-1,-1,-1,-1,-1,-1,-1,-1,-1,-1,-1,-1,-1\n-1,-1,-1,-1,-1,-1,-1,-1,-1,14,-1,-1,-1,-1,-1\n", "25": "-1,-1,-1,-1,-1,-1,-1,20,16,-1,-1,-1,-1,-1,-1\n-1,-1,-1,-1,-1,-1,-1,-1,-1,-1,-1,-1,-1,-1,-1\n-1,-1,-1,-1,-1,-1,-1,Ph,-1,-1,-1,-1,-1,-1,-1\n-1,-1,-1,-1,-1,-1,-1,-1,-1,-1,-1,-1,-1,-1,-1\n-1,-1,-1,-1,-1,-1,-1,-1,13,-1,-1,-1,-1,-1,-1\n-1,-1,-1,-1,-1,-1,-1,-1,-1,-1,-1,-1,-1,-1,-1\n-1,-1,-1,-1,-1,-1,-1,-1,-1,-1,-1,-1,-1,-1,-1\n-1,-1,-1,-1,-1,-1,-1,15,-1,16,-1,-1,-1,-1,-1\n-1,-1,-1,-1,-1,-1,-1,-1,-1,-1,-1,-1,-1,-1,-1\n-1,-1,-1,-1,-1,-1,-1,-1,-1,-1,-1,-1,-1,-1,-1\n-1,-1,-1,-1,-1,-1,-1,13,-1,-1,-1,-1,-1,-1,-1\n-1,-1,-1,-1,-1,-1,-1,-1,-1,-1,-1,-1,-1,-1,-1\n-1,-1,-1,-1,-1,-1,-1,Pb,-1,-1,-1,-1,-1,-1,-1\n-1,-1,-1,-1,-1,-1,-1,-1,-1,-1,-1,-1,-1,-1,-1\n-1,-1,-1,-1,-1,-1,-1,14,-1,-1,-1,-1,-1,-1,-1\n", "26": "-1,-1,-1,-1,-1,-1,-1,-1,-1,-1,-1,-1,-1,-1,-1\n-1,-1,-1,-1,-1,-1,-1,-1,-1,-1,-1,-1,-1,-1,-1\n-1,-1,-1,-1,-1,-1,-1,-1,-1,-1,-1,-1,-1,-1,-1\n-1,-1,-1,-1,-1,-1,-1,-1,16,-1,-1,-1,16,-1,-1\n-1,-1,-1,-1,-1,-1,-1,-1,-1,-1,-1,-1,-1,-1,-1\n-1,-1,-1,-1,-1,-1,-1,-1,-1,15,-1,Pd,-1,12,-1\n-1,-1,-1,-1,-1,-1,-1,-1,13,-1,-1,-1,-1,-1,-1\n-1,-1,-1,-1,-1,-1,-1,-1,-1,-1,-1,-1,-1,-1,-1\n-1,-1,-1,-1,-1,-1,-1,-1,-1,-1,-1,-1,-1,-1,-1\n-1,-1,-1,-1,-1,-1,-1,-1,-1,-1,-1,-1,-1,-1,-1\n-1,-1,-1,-1,-1,-1,16,-1,13,-1,-1,-1,-1,-1,-1\n-1,-1,-1,-1,-1,-1,-1,-1,-1,-1,-1,-1,-1,-1,-1\n-1,-1,-1,-1,-1,-1,-1,-1,Pb,-1,-1,-1,-1,-1,-1\n-1,-1,-1,-1,-1,-1,-1,-1,-1,-1,-1,-1,-1,-1,-1\n-1,-1,-1,-1,-1,-1,-1,-1,14,-1,-1,-1,-1,-1,-1\n", "27": "-1,-1,-1,-1,-1,-1,-1,-1,-1,-1,16,20,-1,-1,-1\n-1,-1,-1,-1,-1,-1,-1,-1,-1,-1,-1,-1,-1,-1,-1\n-1,-1,-1,-1,-1,-1,-1,-1,-1,-1,-1,Ph,-1,-1,-1\n-1,-1,16,-1,-1,-1,-1,-1,-1,-1,-1,-1,-1,-1,-1\n-1,-1,-1,-1,-1,-1,-1,-1,13,-1,-1,-1,-1,-1,-1\n-1,11,-1,Pg,-1,13,-1,-1,-1,-1,-1,-1,-1,-1,-1\n-1,-1,-1,-1,-1,-1,-1,-1,-1,15,-1,-1,-1,-1,-1\n-1,-1,-1,-1,-1,-1,-1,-1,-1,-1,-1,-1,-1,-1,-1\n-1,-1,-1,-1,-1,-1,-1,-1,-1,-1,16,-1,-1,-1,-1\n-1,-1,-1,-1,-1,-1,-1,-1,-1,-1,-1,-1,-1,-1,-1\n-1,-1,-1,-1,-1,-1,-1,-1,13,-1,-1,-1,-1,-1,-1\n-1,-1,-1,-1,-1,-1,-1,-1,-1,-1,-1,-1,-1,-1,-1\n-1,-1,-1,-1,-1,-1,-1,-1,Pb,-1,-1,-1,-1,-1,-1\n-1,-1,-1,-1,-1,-1,-1,-1,-1,-1,-1,-1,-1,-1,-1\n-1,-1,-1,-1,-1,-1,-1,-1,14,-1,-1,-1,-1,-1,-1\n", "28": "-1,-1,-1,-1,-1,16,20,-1,-1,-1,-1,-1,-1,-1,-1\n-1,-1,-1,-1,-1,-1,-1,-1,-1,-1,-1,-1,-1,-1,-1\n-1,-1,-1,-1,-1,-1,-1,-1,-1,-1,-1,-1,-1,-1,-1\n-1,-1,-1,-1,-1,-1,-1,-1,-1,-1,-1,-1,-1,-1,-1\n-1,-1,-1,-1,-1,-1,13,-1,-1,-1,-1,-1,-1,-1,-1\n-1,-1,-1,-1,-1,-1,-1,-1,16,-1,-1,-1,16,-1,-1\n-1,-1,-1,-1,-1,-1,15,-1,-1,-1,-1,-1,-1,-1,-1\n-1,-1,-1,-1,-1,-1,-1,-1,13,-1,-1,Pd,-1,12,-1\n-1,-1,-1,-1,-1,-1,-1,-1,-1,-1,-1,-1,-1,-1,-1\n-1,-1,-1,-1,-1,16,-1,-1,-1,-1,-1,-1,-1,-1,-1\n-1,-1,-1,-1,-1,-1,-1,-1,-1,-1,-1,-1,-1,-1,-1\n-1,-1,-1,-1,-1,-1,13,-1,-1,-1,-1,-1,-1,-1,-1\n-1,-1,-1,-1,-1,-1,-1,-1,Pb,-1,-1,16,-1,-1,-1\n-1,-1,-1,-1,-1,-1,-1,-1,-1,-1,-1,-1,-1,-1,-1\n-1,-1,-1,-1,-1,-1,-1,-1,14,-1,-1,-1,-1,-1,-1\n", "29": "-1,-1,-1,-1,-1,-1,16,-1,20,-1,-1,-1,-1,-1,-1\n-1,-1,-1,-1,-1,-1,-1,-1,-1,-1,-1,-1,-1,-1,-1\n-1,-1,-1,-1,-1,-1,-1,-1,Ph,-1,-1,-1,-1,-1,-1\n-1,-1,-1,-1,-1,-1,-1,-1,-1,-1,-1,-1,-1,-1,-1\n-1,-1,-1,-1,-1,-1,-1,-1,-1,-1,-1,-1,-1,-1,-1\n-1,-1,-1,16,-1,-1,-1,13,-1,-1,-1,16,-1,16,-1\n-1,-1,-1,-1,-1,-1,-1,-1,13,-1,-1,-1,-1,-1,-1\n-1,11,-1,Pg,-1,-1,13,-1,-1,13,-1,-1,-1,-1,-1\n-1,-1,-1,-1,-1,-1,-1,15,-1,-1,-1,Pd,-1,12,-1\n-1,-1,-1,-1,-1,16,-1,-1,-1,-1,-1,-1,-1,-1,-1\n-1,-1,-1,-1,-1,-1,-1,-1,-1,-1,-1,-1,-1,-1,-1\n-1,-1,-1,-1,-1,-1,-1,-1,-1,-1,-1,-1,-1,-1,-1\n-1,-1,-1,-1,-1,-1,-1,-1,-1,-1,-1,-1,-1,-1,-1\n-1,-1,-1,-1,-1,-1,-1,-1,-1,-1,-1,-1,-1,-1,-1\n-1,-1,-1,-1,-1,-1,-1,-1,-1,-1,-1,-1,-1,-1,-1\n", "30": "-1,-1,-1,-1,-1,-1,-1,-1,-1,-1,-1,-1,-1,-1,-1\n-1,-1,-1,-1,-1,-1,-1,-1,-1,-1,-1,-1,-1,-1,-1\n-1,-1,-1,-1,-1,-1,-1,-1,-1,-1,-1,-1,-1,-1,-1\n-1,-1,-1,-1,-1,-1,-1,-1,-1,-1,16,-1,-1,-1,-1\n-1,-1,-1,-1,-1,-1,-1,-1,-1,-1,-1,-1,-1,-1,-1\n-1,16,-1,-1,-1,-1,-1,-1,-1,-1,-1,Pd,-1,12,-1\n-1,-1,-1,-1,-1,-1,-1,-1,13,-1,-1,-1,-1,-1,-1\n-1,-1,-1,-1,-1,-1,15,-1,13,-1,-1,-1,-1,-1,-1\n-1,11,-1,Pg,-1,13,-1,-1,-1,-1,-1,-1,-1,-1,-1\n-1,-1,-1,-1,-1,-1,-1,-1,-1,-1,-1,-1,-1,-1,-1\n-1,-1,-1,-1,-1,-1,13,-1,-1,-1,16,-1,-1,-1,-1\n-1,-1,-1,-1,-1,-1,-1,-1,-1,-1,-1,-1,-1,-1,-1\n-1,-1,-1,-1,-1,-1,-1,-1,Pb,-1,-1,-1,-1,-1,-1\n-1,-1,-1,-1,-1,-1,-1,-1,-1,-1,-1,-1,-1,-1,-1\n-1,-1,-1,-1,-1,-1,-1,-1,14,-1,-1,-1,-1,-1,-1\n", "31": "-1,-1,-1,-1,-1,-1,-1,-1,-1,-1,-1,-1,-1,-1,-1\n-1,-1,-1,-1,-1,-1,-1,-1,-1,-1,-1,-1,-1,-1,-1\n-1,-1,-1,-1,-1,-1,-1,-1,-1,-1,-1,-1,-1,-1,-1\n-1,-1,-1,-1,-1,-1,-1,-1,-1,-1,-1,-1,-1,-1,-1\n-1,-1,-1,-1,-1,-1,-1,16,-1,-1,-1,-1,16,-1,-1\n-1,-1,-1,-1,-1,-1,-1,-1,-1,-1,-1,-1,-1,-1,-1\n-1,-1,-1,-1,-1,-1,-1,-1,13,15,-1,Pd,-1,12,-1\n-1,-1,-1,-1,-1,-1,-1,-1,-1,-1,-1,-1,-1,-1,-1\n-1,-1,-1,-1,-1,-1,-1,-1,-1,-1,-1,-1,-1,-1,-1\n-1,-1,-1,-1,-1,-1,-1,13,-1,-1,-1,-1,-1,-1,-1\n-1,-1,-1,-1,-1,-1,-1,-1,-1,-1,-1,-1,-1,-1,-1\n-1,-1,-1,-1,-1,-1,-1,-1,-1,16,-1,-1,-1,-1,-1\n-1,-1,-1,-1,-1,-1,-1,Pb,-1,-1,-1,-1,-1,-1,-1\n-1,-1,-1,-1,-1,-1,-1,-1,-1,-1,-1,-1,-1,-1,-1\n-1,-1,-1,-1,-1,-1,-1,14,-1,-1,-1,-1,-1,-1,-1\n", "32": "-1,-1,-1,-1,-1,-1,-1,-1,-1,-1,-1,-1,-1,-1,-1\n-1,-1,-1,-1,-1,-1,16,-1,-1,16,-1,-1,-1,-1,-1\n-1,-1,-1,-1,-1,-1,-1,-1,-1,-1,-1,-1,-1,-1,-1\n-1,-1,-1,-1,-1,-1,-1,-1,-1,-1,-1,-1,-1,-1,-1\n-1,-1,-1,-1,-1,-1,-1,13,-1,-1,-1,-1,-1,-1,-1\n-1,-1,16,-1,-1,-1,-1,-1,-1,-1,16,-1,-1,-1,-1\n-1,-1,-1,-1,-1,-1,-1,-1,-1,-1,-1,-1,-1,-1,-1\n-1,11,-1,Pg,15,-1,13,-1,-1,-1,9,-1,16,-1,-1\n-1,-1,-1,-1,-1,-1,-1,-1,-1,-1,-1,-1,-1,-1,-1\n-1,-1,16,-1,-1,-1,-1,-1,-1,-1,16,-1,-1,-1,-1\n-1,-1,-1,-1,-1,-1,-1,-1,-1,-1,-1,-1,-1,-1,-1\n-1,-1,-1,-1,-1,-1,-1,13,-1,-1,-1,-1,-1,-1,-1\n-1,-1,-1,-1,-1,-1,-1,-1,-1,-1,-1,-1,-1,-1,-1\n-1,-1,-1,-1,-1,-1,-1,-1,-1,-1,-1,-1,-1,-1,-1\n-1,-1,-1,-1,-1,-1,-1,-1,-1,-1,-1,-1,-1,-1,-1\n", "33": "-1,-1,-1,16,-1,-1,-1,-1,-1,-1,-1,-1,-1,-1,-1\n-1,-1,-1,-1,-1,-1,-1,-1,-1,-1,-1,-1,-1,16,-1\n-1,-1,-1,-1,-1,-1,-1,-1,16,-1,-1,-1,-1,-1,-1\n-1,-1,-1,-1,-1,-1,-1,-1,-1,-1,-1,-1,-1,-1,-1\n-1,16,-1,-1,-1,-1,-1,22,-1,-1,-1,-1,-1,-1,-1\n-1,-1,-1,-1,-1,13,-1,-1,-1,22,-1,-1,-1,-1,-1\n-1,-1,-1,-1,-1,-1,22,-1,-1,-1,-1,-1,-1,-1,-1\n-1,-1,-1,-1,-1,-1,-1,-1,22,-1,-1,-1,-1,-1,-1\n-1,-1,-1,-1,-1,22,-1,-1,13,-1,-1,-1,-1,-1,-1\n-1,-1,16,-1,-1,-1,-1,-1,-1,-1,-1,-1,-1,16,-1\n-1,-1,-1,-1,-1,-1,-1,-1,-1,-1,-1,15,-1,-1,-1\n-1,-1,-1,-1,-1,-1,-1,-1,-1,-1,-1,-1,-1,-1,-1\n-1,-1,-1,-1,-1,-1,16,-1,-1,-1,-1,Pb,-1,-1,-1\n-1,-1,-1,-1,-1,-1,-1,-1,-1,-1,-1,-1,-1,-1,-1\n-1,-1,-1,-1,-1,-1,-1,-1,-1,-1,-1,14,-1,-1,-1\n", "34": "-1,-1,-1,-1,-1,-1,-1,-1,-1,-1,-1,-1,-1,-1,-1\n-1,-1,-1,-1,16,-1,-1,-1,-1,16,-1,-1,-1,-1,-1\n-1,-1,-1,-1,-1,-1,-1,-1,-1,-1,-1,-1,-1,-1,-1\n-1,-1,-1,-1,-1,-1,-1,13,-1,-1,-1,-1,-1,-1,-1\n-1,-1,-1,-1,-1,-1,-1,-1,-1,-1,-1,-1,-1,-1,-1\n-1,-1,13,-1,-1,-1,-1,-1,-1,-1,-1,-1,-1,-1,-1\n-1,16,-1,-1,-1,-1,-1,-1,-1,-1,-1,-1,16,-1,-1\n-1,-1,-1,-1,-1,-1,15,-1,13,-1,-1,Pd,-1,12,-1\n-1,-1,-1,-1,16,-1,-1,-1,-1,-1,-1,-1,-1,-1,-1\n-1,-1,-1,-1,-1,-1,-1,-1,-1,-1,-1,-1,-1,-1,-1\n-1,-1,-1,-1,13,-1,-1,-1,-1,-1,-1,-1,-1,-1,-1\n-1,-1,-1,-1,-1,-1,-1,16,-1,-1,-1,-1,-1,-1,-1\n-1,-1,-1,-1,-1,-1,Pb,-1,-1,-1,-1,-1,-1,-1,-1\n-1,-1,-1,-1,-1,-1,-1,-1,-1,-1,-1,-1,-1,-1,-1\n-1,-1,-1,-1,-1,-1,14,-1,-1,-1,-1,-1,-1,-1,-1\n", "35": "-1,-1,-1,-1,-1,-1,-1,16,20,16,-1,-1,-1,-1,-1\n-1,-1,-1,-1,-1,-1,-1,-1,-1,-1,-1,-1,-1,-1,-1\n-1,-1,-1,-1,-1,-1,-1,-1,Ph,-1,-1,-1,-1,-1,-1\n-1,-1,-1,-1,-1,-1,-1,-1,-1,-1,-1,-1,-1,-1,-1\n-1,-1,-1,-1,-1,-1,-1,-1,13,-1,-1,-1,-1,-1,-1\n-1,-1,-1,-1,-1,-1,-1,-1,-1,-1,-1,-1,16,-1,-1\n-1,-1,-1,16,-1,-1,-1,-1,-1,-1,-1,-1,-1,-1,-1\n-1,11,-1,Pg,-1,13,-1,15,13,-1,-1,Pd,-1,12,-1\n-1,-1,-1,-1,-1,-1,13,-1,-1,-1,-1,-1,-1,-1,-1\n-1,-1,-1,-1,-1,-1,-1,-1,-1,-1,-1,-1,-1,-1,-1\n-1,-1,-1,-1,-1,-1,-1,-1,13,-1,-1,-1,-1,-1,-1\n-1,-1,-1,-1,-1,16,-1,-1,-1,-1,-1,-1,-1,-1,-1\n-1,-1,-1,-1,-1,-1,-1,-1,Pb,-1,-1,-1,-1,-1,-1\n-1,-1,-1,-1,-1,-1,-1,-1,-1,-1,-1,-1,-1,-1,-1\n-1,-1,-1,-1,-1,-1,-1,-1,14,-1,-1,-1,-1,-1,-1\n", "36": "-1,-1,-1,-1,-1,-1,16,-1,16,-1,-1,16,-1,-1,-1\n-1,-1,-1,-1,-1,-1,-1,-1,-1,-1,-1,-1,-1,-1,-1\n-1,-1,-1,16,-1,-1,-1,-1,-1,-1,-1,-1,-1,-1,-1\n-1,-1,-1,-1,-1,-1,-1,-1,-1,-1,-1,-1,-1,-1,-1\n-1,-1,-1,-1,-1,-1,-1,-1,-1,-1,-1,-1,-1,-1,-1\n-1,16,-1,-1,-1,-1,-1,-1,-1,-1,-1,-1,-1,-1,-1\n-1,-1,-1,15,-1,-1,-1,-1,-1,-1,-1,-1,-1,-1,-1\n-1,11,-1,Pg,-1,-1,-1,-1,-1,17,-1,Pd,-1,12,-1\n-1,-1,-1,-1,-1,-1,-1,-1,-1,-1,-1,-1,-1,-1,-1\n-1,-1,-1,-1,-1,-1,-1,-1,-1,-1,-1,-1,-1,-1,-1\n-1,16,-1,-1,-1,-1,-1,-1,-1,-1,-1,-1,-1,-1,-1\n-1,-1,-1,-1,-1,-1,-1,-1,-1,-1,-1,-1,-1,-1,-1\n-1,-1,-1,16,-1,-1,-1,-1,-1,-1,-1,-1,-1,-1,-1\n-1,-1,-1,-1,-1,-1,-1,-1,-1,-1,-1,-1,-1,-1,-1\n-1,-1,-1,-1,-1,-1,-1,-1,-1,-1,-1,-1,-1,-1,-1\n"}